Entity	Code	Year	"Homicide rate per 100,000 population - Both sexes - All ages"
Afghanistan	AFG	2011	4.208668
Afghanistan	AFG	2012	6.393913
Afghanistan	AFG	2015	9.975262
Afghanistan	AFG	2016	6.6924186
Afghanistan	AFG	2017	6.8006945
Afghanistan	AFG	2018	6.7435727
Afghanistan	AFG	2019	7.180397
Afghanistan	AFG	2020	6.594439
Afghanistan	AFG	2021	4.0224977
Albania	ALB	2011	4.8954477
Albania	ALB	2012	5.4284067
Albania	ALB	2013	4.2950954
Albania	ALB	2014	4.64616
Albania	ALB	2015	2.22031
Albania	ALB	2016	2.7420435
Albania	ALB	2017	2.01434
Albania	ALB	2018	2.294046
Albania	ALB	2019	2.2617478
Albania	ALB	2020	2.127772
Albania	ALB	2021	2.3119686
Algeria	DZA	2011	0.76620924
Algeria	DZA	2012	1.4036288
Algeria	DZA	2013	1.2631371
Algeria	DZA	2014	1.4886416
Algeria	DZA	2015	1.38077
Algeria	DZA	2016	1.343602
Algeria	DZA	2017	1.2738065
Algeria	DZA	2018	1.3547354
Algeria	DZA	2019	1.2153039
Algeria	DZA	2020	1.5051206
Algeria	DZA	2021	1.5731823
American Samoa	ASM	2011	9.206408
American Samoa	ASM	2012	3.7249844
American Samoa	ASM	2013	5.6609116
American Samoa	ASM	2014	5.7453103
American Samoa	ASM	2015	7.786949
American Samoa	ASM	2016	0
American Samoa	ASM	2017	14.151993
American Samoa	ASM	2018	26.846191
American Samoa	ASM	2019	0
Andorra	AND	2011	1.4170829
Andorra	AND	2012	0
Andorra	AND	2013	0
Andorra	AND	2014	0
Andorra	AND	2015	0
Andorra	AND	2020	2.5740025
Angola	AGO	2011	4.3488812
Angola	AGO	2012	4.8316097
Angola	AGO	2015	4.4582353
Angola	AGO	2016	4.102248
Anguilla	AIA	2011	0
Anguilla	AIA	2012	37.160908
Anguilla	AIA	2013	7.29927
Anguilla	AIA	2014	28.327608
Antigua and Barbuda	ATG	2012	11.40589
Antigua and Barbuda	ATG	2017	21.94932
Antigua and Barbuda	ATG	2018	13.09679
Antigua and Barbuda	ATG	2019	3.2567456
Antigua and Barbuda	ATG	2020	9.71251
Antigua and Barbuda	ATG	2021	17.163792
Argentina	ARG	2011	6.0475802
Argentina	ARG	2012	6.3119206
Argentina	ARG	2013	7.247288
Argentina	ARG	2014	7.53782
Argentina	ARG	2015	6.558466
Argentina	ARG	2016	6.011234
Argentina	ARG	2017	5.259381
Argentina	ARG	2018	5.367726
Argentina	ARG	2019	5.155823
Argentina	ARG	2020	5.3668137
Argentina	ARG	2021	4.6226788
Armenia	ARM	2011	2.4240553
Armenia	ARM	2012	2.2302885
Armenia	ARM	2013	2.1713772
Armenia	ARM	2014	2.4914103
Armenia	ARM	2015	2.6054382
Armenia	ARM	2016	3.0357645
Armenia	ARM	2017	2.4544842
Armenia	ARM	2018	1.7627003
Armenia	ARM	2019	2.5881004
Armenia	ARM	2020	1.8534304
Armenia	ARM	2021	2.1856172
Aruba	ABW	2011	1.9745675
Aruba	ABW	2012	3.9172864
Aruba	ABW	2013	5.8320374
Aruba	ABW	2014	1.9306138
Australia	AUS	2011	1.1092706
Australia	AUS	2012	1.0691061
Australia	AUS	2013	1.0600654
Australia	AUS	2014	1.0353829
Australia	AUS	2015	0.99075425
Australia	AUS	2016	0.9381832
Australia	AUS	2017	0.84586084
Australia	AUS	2018	0.88473505
Australia	AUS	2019	0.887323
Australia	AUS	2020	0.86092544
Australia	AUS	2021	0.74456745
Austria	AUT	2011	0.91762805
Austria	AUT	2012	0.96089554
Austria	AUT	2013	0.7193787
Austria	AUT	2014	0.4914542
Austria	AUT	2015	0.5091166
Austria	AUT	2016	0.6180974
Austria	AUT	2017	0.79568094
Austria	AUT	2018	0.9727943
Austria	AUT	2019	0.867123
Austria	AUT	2020	0.72969943
Austria	AUT	2021	0.7285295
Azerbaijan	AZE	2011	2.2545109
Azerbaijan	AZE	2012	2.129549
Azerbaijan	AZE	2013	2.2986166
Azerbaijan	AZE	2014	2.4225302
Azerbaijan	AZE	2015	2.1392045
Azerbaijan	AZE	2016	1.6940236
Azerbaijan	AZE	2017	1.8070674
Azerbaijan	AZE	2018	1.9404047
Azerbaijan	AZE	2019	1.6417869
Azerbaijan	AZE	2020	2.236277
Azerbaijan	AZE	2021	1.9102119
Bahamas	BHS	2011	33.60233
Bahamas	BHS	2012	28.791214
Bahamas	BHS	2013	30.856995
Bahamas	BHS	2014	31.35191
Bahamas	BHS	2015	37.178745
Bahamas	BHS	2016	28.031967
Bahamas	BHS	2017	30.57491
Bahamas	BHS	2018	22.642082
Bahamas	BHS	2019	23.482475
Bahamas	BHS	2020	17.959438
Bahamas	BHS	2021	29.173424
Bahrain	BHR	2011	0.99003613
Bahrain	BHR	2012	0.7347302
Bahrain	BHR	2013	0.87185824
Bahrain	BHR	2014	0.6864284
Bahrain	BHR	2015	0.22024135
Bahrain	BHR	2016	0.28375617
Bahrain	BHR	2017	0.411852
Bahrain	BHR	2018	0.33617073
Bahrain	BHR	2019	0.26770383
Bahrain	BHR	2020	0
Bahrain	BHR	2021	0.068340294
Bangladesh	BGD	2011	2.640286
Bangladesh	BGD	2012	2.7049658
Bangladesh	BGD	2013	2.8520393
Bangladesh	BGD	2014	2.8943079
Bangladesh	BGD	2015	2.556548
Bangladesh	BGD	2016	2.247401
Bangladesh	BGD	2017	2.1935306
Bangladesh	BGD	2018	2.339875
Barbados	BRB	2011	9.800843
Barbados	BRB	2012	7.965315
Barbados	BRB	2013	8.668485
Barbados	BRB	2014	9.009236
Barbados	BRB	2015	11.147751
Barbados	BRB	2016	7.8952374
Barbados	BRB	2017	10.745486
Barbados	BRB	2018	10.011137
Barbados	BRB	2019	17.131874
Barbados	BRB	2020	14.606706
Barbados	BRB	2021	11.379821
Belarus	BLR	2011	3.842595
Belarus	BLR	2012	3.5074148
Belarus	BLR	2013	3.4361296
Belarus	BLR	2014	3.5074184
Belarus	BLR	2015	3.3606138
Belarus	BLR	2016	3.1623044
Belarus	BLR	2017	2.4722195
Belarus	BLR	2018	2.3309605
Belarus	BLR	2019	2.3258288
Belgium	BEL	2021	1.0765264
Belize	BLZ	2011	37.628494
Belize	BLZ	2012	43.019176
Belize	BLZ	2013	28.721668
Belize	BLZ	2014	34.909958
Belize	BLZ	2015	33.067406
Belize	BLZ	2016	37.57019
Belize	BLZ	2017	37.89764
Belize	BLZ	2018	37.42809
Belize	BLZ	2019	34.43889
Belize	BLZ	2020	25.827984
Belize	BLZ	2021	31.247578
Bermuda	BMU	2011	12.591882
Bermuda	BMU	2012	9.439825
Bermuda	BMU	2013	7.873272
Bermuda	BMU	2014	6.3136296
Bermuda	BMU	2015	6.334727
Bermuda	BMU	2016	12.684721
Bermuda	BMU	2017	7.902015
Bermuda	BMU	2019	0
Bermuda	BMU	2020	10.93229
Bermuda	BMU	2021	10.905975
Bhutan	BTN	2011	4.485999
Bhutan	BTN	2012	4.576053
Bhutan	BTN	2013	3.2926848
Bhutan	BTN	2015	1.6144786
Bhutan	BTN	2016	1.2003818
Bhutan	BTN	2017	1.7193004
Bhutan	BTN	2018	1.1809528
Bhutan	BTN	2019	1.042401
Bhutan	BTN	2020	2.4595277
Bolivia	BOL	2015	4.896265
Bolivia	BOL	2016	5.7000723
Bolivia	BOL	2017	6.5322704
Bolivia	BOL	2018	4.945332
Bolivia	BOL	2019	4.2199774
Bolivia	BOL	2020	3.4935853
Bolivia	BOL	2021	3.4935303
Bosnia and Herzegovina	BIH	2011	1.362492
Bosnia and Herzegovina	BIH	2012	1.7145778
Bosnia and Herzegovina	BIH	2013	1.2715758
Bosnia and Herzegovina	BIH	2014	1.4001416
Bosnia and Herzegovina	BIH	2015	1.6173314
Bosnia and Herzegovina	BIH	2016	1.2927371
Bosnia and Herzegovina	BIH	2017	1.2209207
Bosnia and Herzegovina	BIH	2018	1.1470153
Bosnia and Herzegovina	BIH	2019	1.2497354
Bosnia and Herzegovina	BIH	2020	1.2958022
Bosnia and Herzegovina	BIH	2021	0.9783111
Botswana	BWA	2020	8.678912
Botswana	BWA	2021	10.546963
Brazil	BRA	2011	26.355639
Brazil	BRA	2012	28.197144
Brazil	BRA	2013	28.179903
Brazil	BRA	2014	29.358646
Brazil	BRA	2015	28.356405
Brazil	BRA	2016	29.589155
Brazil	BRA	2017	30.593037
Brazil	BRA	2018	26.636013
Brazil	BRA	2019	20.810465
Brazil	BRA	2020	22.384066
Brunei	BRN	2011	0.24906228
Brunei	BRN	2012	0.98368555
Brunei	BRN	2013	0.48578766
Bulgaria	BGR	2011	1.6969084
Bulgaria	BGR	2012	1.8829263
Bulgaria	BGR	2013	1.4667951
Bulgaria	BGR	2014	1.5192329
Bulgaria	BGR	2015	1.7238423
Bulgaria	BGR	2016	1.0902605
Bulgaria	BGR	2017	1.4340553
Bulgaria	BGR	2018	1.2926013
Bulgaria	BGR	2019	1.1768823
Bulgaria	BGR	2020	0.9886556
Bulgaria	BGR	2021	1.2779799
Burundi	BDI	2012	5.1043954
Burundi	BDI	2013	5.123366
Burundi	BDI	2014	5.3740325
Burundi	BDI	2015	4.2975073
Burundi	BDI	2016	5.82391
Cambodia	KHM	2011	1.8389057
Cameroon	CMR	2011	4.0833545
Cameroon	CMR	2012	4.1839643
Cameroon	CMR	2015	3.741421
Cameroon	CMR	2016	3.3190465
Cameroon	CMR	2017	4.1159043
Cameroon	CMR	2020	4.5373755
Canada	CAN	2011	1.774293
Canada	CAN	2012	1.582503
Canada	CAN	2013	1.4516441
Canada	CAN	2014	1.4828578
Canada	CAN	2015	1.7099458
Canada	CAN	2016	1.7057317
Canada	CAN	2017	1.8192091
Canada	CAN	2018	1.7874861
Canada	CAN	2019	1.8362274
Canada	CAN	2020	2.0032356
Canada	CAN	2021	2.0652595
Cape Verde	CPV	2013	10.001111
Cape Verde	CPV	2014	11.903105
Cape Verde	CPV	2015	8.330828
Cape Verde	CPV	2016	11.103261
Cape Verde	CPV	2017	6.7262115
Cape Verde	CPV	2018	5.4271564
Cape Verde	CPV	2019	5.718935
Cape Verde	CPV	2020	6.1787724
Cayman Islands	CYM	2013	8.589294
Cayman Islands	CYM	2014	8.394966
Cayman Islands	CYM	2017	4.718391
Cayman Islands	CYM	2018	10.788484
Cayman Islands	CYM	2019	3.024163
Cayman Islands	CYM	2020	4.456957
Chile	CHL	2011	3.7033644
Chile	CHL	2012	2.5026278
Chile	CHL	2013	3.175342
Chile	CHL	2014	2.4763799
Chile	CHL	2015	2.3446956
Chile	CHL	2016	3.428468
Chile	CHL	2017	4.240938
Chile	CHL	2018	4.4114227
Chile	CHL	2019	3.9444344
Chile	CHL	2020	4.797849
Chile	CHL	2021	3.6320386
China	CHN	2011	0.8853467
China	CHN	2012	0.82586884
China	CHN	2013	0.77319944
China	CHN	2014	0.72791475
China	CHN	2015	0.66010606
China	CHN	2016	0.615883
China	CHN	2017	0.5665558
China	CHN	2018	0.53102547
China	CHN	2019	0.5189666
China	CHN	2020	0.50227034
Colombia	COL	2011	35.59345
Colombia	COL	2012	35.90898
Colombia	COL	2013	33.35357
Colombia	COL	2014	28.585234
Colombia	COL	2015	27.128765
Colombia	COL	2016	26.040422
Colombia	COL	2017	25.434488
Colombia	COL	2018	26.231325
Colombia	COL	2019	25.753473
Colombia	COL	2020	24.242764
Colombia	COL	2021	27.484365
Cook Islands	COK	2012	3.489514
Costa Rica	CRI	2011	10.128365
Costa Rica	CRI	2012	8.592673
Costa Rica	CRI	2013	8.577627
Costa Rica	CRI	2014	9.846647
Costa Rica	CRI	2015	11.378396
Costa Rica	CRI	2016	11.688089
Costa Rica	CRI	2017	12.074873
Costa Rica	CRI	2018	11.605453
Costa Rica	CRI	2019	11.0728
Costa Rica	CRI	2020	11.126065
Costa Rica	CRI	2021	11.40871
Croatia	HRV	2011	1.1259601
Croatia	HRV	2012	1.1773956
Croatia	HRV	2013	1.0675694
Croatia	HRV	2014	0.8403416
Croatia	HRV	2015	0.86960304
Croatia	HRV	2016	1.041728
Croatia	HRV	2017	1.0972061
Croatia	HRV	2018	0.57685584
Croatia	HRV	2019	0.79907954
Croatia	HRV	2020	0.97635525
Croatia	HRV	2021	0.81278074
Cuba	CUB	2011	4.726203
Cuba	CUB	2012	5.4910607
Cuba	CUB	2013	5.953233
Cuba	CUB	2014	5.2947283
Cuba	CUB	2015	5.458605
Cuba	CUB	2016	5.043197
Cuba	CUB	2017	4.5517077
Cuba	CUB	2018	4.334299
Cuba	CUB	2019	4.4182506
Cyprus	CYP	2011	0.7859672
Cyprus	CYP	2012	1.9021984
Cyprus	CYP	2013	1.0283054
Cyprus	CYP	2014	0.9345834
Cyprus	CYP	2015	1.263392
Cyprus	CYP	2016	1.0852493
Cyprus	CYP	2017	0.5792194
Cyprus	CYP	2018	1.2306874
Cyprus	CYP	2019	1.2206669
Cyprus	CYP	2020	1.212085
Cyprus	CYP	2021	1.2859793
Czechia	CZE	2011	0.8193302
Czechia	CZE	2012	0.9989473
Czechia	CZE	2013	0.85595655
Czechia	CZE	2014	0.7701683
Czechia	CZE	2015	0.83620006
Czechia	CZE	2016	0.6174252
Czechia	CZE	2017	0.62670296
Czechia	CZE	2019	0.9205769
Czechia	CZE	2020	0.73117787
Czechia	CZE	2021	0.44716123
Denmark	DNK	2011	0.8249618
Denmark	DNK	2012	0.83914196
Denmark	DNK	2013	0.853275
Denmark	DNK	2014	1.3095833
Denmark	DNK	2015	1.0919731
Denmark	DNK	2016	0.9812757
Denmark	DNK	2017	1.2375193
Denmark	DNK	2018	1.005777
Denmark	DNK	2019	1.1387403
Denmark	DNK	2020	0.9441021
Denmark	DNK	2021	0.80283684
Dominica	DMA	2011	8.728289
Dominica	DMA	2014	12.973721
Dominica	DMA	2015	12.855949
Dominica	DMA	2016	22.83268
Dominica	DMA	2017	26.987486
Dominica	DMA	2018	18.35575
Dominica	DMA	2019	18.200146
Dominica	DMA	2020	20.834925
Dominica	DMA	2021	13.809771
Dominican Republic	DOM	2011	25.37426
Dominican Republic	DOM	2012	22.610174
Dominican Republic	DOM	2013	19.474157
Dominican Republic	DOM	2014	17.603382
Dominican Republic	DOM	2016	15.35014
Dominican Republic	DOM	2017	11.420795
Dominican Republic	DOM	2018	9.920551
Dominican Republic	DOM	2019	9.428515
Dominican Republic	DOM	2020	8.73663
Dominican Republic	DOM	2021	10.541584
East Timor	TLS	2015	4.063648
Ecuador	ECU	2011	15.376308
Ecuador	ECU	2012	12.412907
Ecuador	ECU	2013	10.971196
Ecuador	ECU	2014	8.209052
Ecuador	ECU	2015	6.4831214
Ecuador	ECU	2016	5.8334804
Ecuador	ECU	2017	5.8094463
Ecuador	ECU	2018	5.841674
Ecuador	ECU	2019	6.843968
Ecuador	ECU	2020	7.800509
Ecuador	ECU	2021	14.024255
Egypt	EGY	2011	3.0302672
Egypt	EGY	2012	2.4188852
Egypt	EGY	2014	3.0232553
Egypt	EGY	2015	1.750853
Egypt	EGY	2016	1.5353159
Egypt	EGY	2017	1.3360921
El Salvador	SLV	2011	71.21968
El Salvador	SLV	2012	42.10158
El Salvador	SLV	2013	40.62634
El Salvador	SLV	2014	63.144913
El Salvador	SLV	2015	106.8196
El Salvador	SLV	2016	84.40911
El Salvador	SLV	2017	63.223526
El Salvador	SLV	2018	53.311302
El Salvador	SLV	2019	38.183395
El Salvador	SLV	2020	21.310303
El Salvador	SLV	2021	18.165499
Eritrea	ERI	2012	14.572975
Estonia	EST	2011	4.8966837
Estonia	EST	2012	4.7630496
Estonia	EST	2013	3.9454272
Estonia	EST	2014	3.118995
Estonia	EST	2015	3.4229474
Estonia	EST	2016	2.5077407
Estonia	EST	2017	2.2010574
Estonia	EST	2018	2.1177669
Estonia	EST	2019	1.9592499
Estonia	EST	2020	3.1592155
Estonia	EST	2021	1.9567984
Eswatini	SWZ	2011	15.560379
Eswatini	SWZ	2012	9.357197
Eswatini	SWZ	2013	9.120832
Eswatini	SWZ	2014	10.48083
Eswatini	SWZ	2015	9.877101
Eswatini	SWZ	2016	10.15296
Eswatini	SWZ	2017	11.290696
Eswatini	SWZ	2021	12.664906
Ethiopia	ETH	2012	8.631964
Fiji	FJI	2011	2.2017837
Fiji	FJI	2012	2.1952474
Fiji	FJI	2013	2.0800195
Fiji	FJI	2014	2.1844554
Fiji	FJI	2020	2.1729164
Finland	FIN	2011	2.041511
Finland	FIN	2012	1.6439292
Finland	FIN	2013	1.6363689
Finland	FIN	2014	1.6112968
Finland	FIN	2015	1.4964975
Finland	FIN	2016	1.3466251
Finland	FIN	2017	1.2163817
Finland	FIN	2018	1.5592532
Finland	FIN	2019	1.466983
Finland	FIN	2020	1.645728
France	FRA	2011	1.3635943
France	FRA	2012	1.2430353
France	FRA	2013	1.2268063
France	FRA	2014	1.2455084
France	FRA	2015	1.5859641
France	FRA	2016	1.2173907
France	FRA	2017	1.106883
France	FRA	2018	1.0827998
France	FRA	2019	1.1692591
France	FRA	2020	1.0732001
France	FRA	2021	1.13743
French Guiana	GUF	2018	13.000024
French Guiana	GUF	2019	13.300023
French Guiana	GUF	2020	13.300023
Georgia	GEO	2016	1.0341783
Georgia	GEO	2017	2.4125772
Georgia	GEO	2018	2.3592877
Georgia	GEO	2019	2.0420012
Germany	DEU	2011	0.9063736
Germany	DEU	2012	0.8081371
Germany	DEU	2013	0.8349597
Germany	DEU	2014	0.87467664
Germany	DEU	2015	0.8309653
Germany	DEU	2016	1.1696628
Germany	DEU	2017	0.9839711
Germany	DEU	2018	0.9505807
Germany	DEU	2019	0.7492651
Germany	DEU	2020	0.93844897
Germany	DEU	2021	0.83324784
Ghana	GHA	2011	1.6141378
Ghana	GHA	2012	2.0849807
Ghana	GHA	2013	2.001773
Ghana	GHA	2014	1.9257805
Ghana	GHA	2015	1.8184376
Ghana	GHA	2016	1.8575976
Ghana	GHA	2017	2.015071
Ghana	GHA	2018	1.6196619
Ghana	GHA	2019	1.8114166
Ghana	GHA	2020	1.7246522
Ghana	GHA	2021	1.8365651
Greece	GRC	2011	1.6720091
Greece	GRC	2012	1.5140965
Greece	GRC	2013	1.4018042
Greece	GRC	2014	0.9849978
Greece	GRC	2015	0.86058193
Greece	GRC	2016	0.7814141
Greece	GRC	2017	0.8043225
Greece	GRC	2018	0.93104
Greece	GRC	2019	0.7376567
Greece	GRC	2020	0.7419928
Greece	GRC	2021	0.85205257
Greenland	GRL	2011	1.7765933
Greenland	GRL	2012	14.235255
Greenland	GRL	2013	12.4801655
Greenland	GRL	2014	7.148921
Greenland	GRL	2015	7.156339
Greenland	GRL	2016	5.3651905
Grenada	GRD	2011	3.4807427
Grenada	GRD	2012	12.078076
Grenada	GRD	2013	5.130639
Grenada	GRD	2014	6.7812414
Grenada	GRD	2015	5.0428853
Grenada	GRD	2016	9.169265
Grenada	GRD	2017	9.923876
Grenada	GRD	2018	9.849144
Grenada	GRD	2019	13.037437
Grenada	GRD	2020	11.321091
Grenada	GRD	2021	4.012519
Guadeloupe	GLP	2011	6.6973753
Guadeloupe	GLP	2012	7.692613
Guadeloupe	GLP	2013	8.698958
Guadeloupe	GLP	2014	5.2389064
Guadeloupe	GLP	2015	9.772268
Guadeloupe	GLP	2016	5.781015
Guam	GUM	2011	2.4147444
Guam	GUM	2019	4.151248
Guatemala	GTM	2011	38.298565
Guatemala	GTM	2012	34.075195
Guatemala	GTM	2013	33.42484
Guatemala	GTM	2014	33.429344
Guatemala	GTM	2017	32.78298
Guatemala	GTM	2018	28.895842
Guatemala	GTM	2019	25.645466
Guatemala	GTM	2020	18.960165
Guatemala	GTM	2021	19.990364
Guinea-Bissau	GNB	2016	3.4885912
Guinea-Bissau	GNB	2017	1.1171243
Guyana	GUY	2011	17.467718
Guyana	GUY	2012	18.68365
Guyana	GUY	2013	20.737991
Guyana	GUY	2014	19.837175
Guyana	GUY	2015	19.73429
Guyana	GUY	2016	18.706684
Guyana	GUY	2017	15.067107
Guyana	GUY	2018	14.130875
Guyana	GUY	2019	17.02654
Guyana	GUY	2020	19.69388
Guyana	GUY	2021	16.28205
Haiti	HTI	2011	9.181951
Haiti	HTI	2012	10.219083
Haiti	HTI	2013	10.125515
Haiti	HTI	2014	9.411548
Haiti	HTI	2015	10.138438
Haiti	HTI	2016	9.595058
Haiti	HTI	2018	6.746927
Haiti	HTI	2020	11.32062
Haiti	HTI	2021	13.007129
Honduras	HND	2011	82.38905
Honduras	HND	2012	81.570755
Honduras	HND	2013	71.769295
Honduras	HND	2014	64.53877
Honduras	HND	2015	55.38756
Honduras	HND	2016	54.435158
Honduras	HND	2017	40.13777
Honduras	HND	2018	37.874573
Honduras	HND	2019	40.94859
Honduras	HND	2020	35.695362
Honduras	HND	2021	38.245457
Hong Kong	HKG	2011	0.23692176
Hong Kong	HKG	2012	0.3732344
Hong Kong	HKG	2013	0.8496845
Hong Kong	HKG	2014	0.36723787
Hong Kong	HKG	2015	0.2973038
Hong Kong	HKG	2016	0.37655023
Hong Kong	HKG	2017	0.32165036
Hong Kong	HKG	2018	0.64157784
Hong Kong	HKG	2019	0.32016557
Hong Kong	HKG	2020	0.2932959
Hong Kong	HKG	2021	0.30688852
Hungary	HUN	2011	1.4568114
Hungary	HUN	2012	1.249732
Hungary	HUN	2013	1.5563983
Hungary	HUN	2014	1.4795446
Hungary	HUN	2015	2.2449663
Hungary	HUN	2016	2.0580525
Hungary	HUN	2017	1.6344975
Hungary	HUN	2018	0.87967324
Hungary	HUN	2019	0.65494615
Hungary	HUN	2020	0.8204647
Hungary	HUN	2021	0.7724166
Iceland	ISL	2011	0.93957585
Iceland	ISL	2012	0.3115464
Iceland	ISL	2013	0.30861863
Iceland	ISL	2014	0.3052098
Iceland	ISL	2015	0.9061815
Iceland	ISL	2016	0.29790765
Iceland	ISL	2017	0.87302697
Iceland	ISL	2018	0.8499884
Iceland	ISL	2019	0.27718145
Iceland	ISL	2020	1.3636277
Iceland	ISL	2021	0.5400516
India	IND	2011	3.788104
India	IND	2012	3.7252629
India	IND	2013	3.5533159
India	IND	2014	3.6225762
India	IND	2015	3.3543067
India	IND	2016	3.1614263
India	IND	2017	3.0288827
India	IND	2018	2.993784
India	IND	2019	2.926661
India	IND	2020	2.9111555
India	IND	2021	2.9362788
Iran	IRN	2013	2.596263
Iran	IRN	2014	2.42116
Iraq	IRQ	2011	8.1351385
Iraq	IRQ	2012	7.9641047
Iraq	IRQ	2013	9.410459
Ireland	IRL	2011	0.92419386
Ireland	IRL	2012	1.1392142
Ireland	IRL	2013	1.1113939
Ireland	IRL	2015	0.6644148
Ireland	IRL	2016	0.72098243
Ireland	IRL	2017	0.8172925
Ireland	IRL	2018	0.80670065
Ireland	IRL	2019	0.6535922
Ireland	IRL	2020	0.6671898
Ireland	IRL	2021	0.4411889
Isle of Man	IMN	2011	1.1855435
Isle of Man	IMN	2012	2.3714104
Isle of Man	IMN	2013	2.3768919
Isle of Man	IMN	2014	3.5758557
Isle of Man	IMN	2015	1.1962724
Isle of Man	IMN	2016	0
Israel	ISR	2011	1.9705757
Israel	ISR	2012	1.6859617
Israel	ISR	2013	1.6436564
Israel	ISR	2014	1.3733737
Israel	ISR	2015	1.3736645
Israel	ISR	2016	1.2746646
Israel	ISR	2017	1.4802767
Israel	ISR	2018	1.3717287
Israel	ISR	2019	1.5334716
Israel	ISR	2020	1.4273497
Israel	ISR	2021	1.9438074
Italy	ITA	2011	0.9196023
Italy	ITA	2012	0.8805428
Italy	ITA	2013	0.8323302
Italy	ITA	2014	0.7874304
Italy	ITA	2015	0.77864414
Italy	ITA	2016	0.6720047
Italy	ITA	2017	0.6266246
Italy	ITA	2018	0.5995582
Italy	ITA	2019	0.53073996
Italy	ITA	2020	0.47898695
Italy	ITA	2021	0.51147586
Jamaica	JAM	2011	41.25747
Jamaica	JAM	2012	39.930183
Jamaica	JAM	2013	43.34454
Jamaica	JAM	2014	36.0921
Jamaica	JAM	2015	43.264412
Jamaica	JAM	2016	48.310635
Jamaica	JAM	2017	58.646004
Jamaica	JAM	2018	45.84195
Jamaica	JAM	2019	47.62289
Jamaica	JAM	2020	47.262203
Jamaica	JAM	2021	52.127274
Japan	JPN	2011	0.34529293
Japan	JPN	2012	0.3355398
Japan	JPN	2013	0.2897894
Japan	JPN	2014	0.30986047
Japan	JPN	2015	0.28526312
Japan	JPN	2016	0.28505316
Japan	JPN	2017	0.24158695
Japan	JPN	2018	0.26454216
Japan	JPN	2019	0.2535939
Japan	JPN	2020	0.25390282
Japan	JPN	2021	0.22870894
Jordan	JOR	2011	1.9831281
Jordan	JOR	2012	2.2324328
Jordan	JOR	2013	1.8713902
Jordan	JOR	2014	1.9634961
Jordan	JOR	2015	1.5904369
Jordan	JOR	2016	1.3146466
Jordan	JOR	2017	1.3019582
Jordan	JOR	2018	0.8986731
Jordan	JOR	2019	1.1403272
Jordan	JOR	2020	0.98822176
Jordan	JOR	2021	1.0225796
Kazakhstan	KAZ	2011	8.419846
Kazakhstan	KAZ	2012	7.402269
Kazakhstan	KAZ	2013	6.45692
Kazakhstan	KAZ	2014	5.1386127
Kazakhstan	KAZ	2015	4.782487
Kazakhstan	KAZ	2017	4.995956
Kazakhstan	KAZ	2020	3.192962
Kenya	KEN	2011	5.3265915
Kenya	KEN	2012	5.429288
Kenya	KEN	2014	5.029252
Kenya	KEN	2015	4.825887
Kenya	KEN	2016	4.933743
Kenya	KEN	2017	5.0379853
Kenya	KEN	2018	3.1409333
Kenya	KEN	2019	3.0931406
Kenya	KEN	2020	3.5759778
Kenya	KEN	2021	5.274913
Kiribati	KIR	2011	10.011786
Kiribati	KIR	2012	7.167335
Kosovo	OWID_KOS	2011	3.4457116
Kosovo	OWID_KOS	2012	4.968498
Kosovo	OWID_KOS	2013	2.2706196
Kosovo	OWID_KOS	2014	3.0936956
Kosovo	OWID_KOS	2015	2.3875546
Kosovo	OWID_KOS	2016	2.1705317
Kosovo	OWID_KOS	2017	2.771898
Kosovo	OWID_KOS	2018	2.5731566
Kosovo	OWID_KOS	2019	1.4227626
Kosovo	OWID_KOS	2020	2.2146425
Kosovo	OWID_KOS	2021	1.9855483
Kuwait	KWT	2011	1.876695
Kuwait	KWT	2012	1.7969383
Kuwait	KWT	2017	1.1151773
Kuwait	KWT	2018	0.85703987
Kuwait	KWT	2019	0.36027116
Kuwait	KWT	2020	0.25226787
Latvia	LVA	2012	3.4085884
Latvia	LVA	2013	2.461252
Latvia	LVA	2014	3.1824346
Latvia	LVA	2015	3.3635306
Latvia	LVA	2016	3.496369
Latvia	LVA	2017	4.143514
Latvia	LVA	2018	4.339671
Latvia	LVA	2019	3.391501
Latvia	LVA	2020	3.6899357
Latvia	LVA	2021	3.0417538
Lebanon	LBN	2011	3.3299925
Lebanon	LBN	2012	3.746376
Lebanon	LBN	2013	4.15577
Lebanon	LBN	2014	3.825102
Lebanon	LBN	2015	3.6099732
Lebanon	LBN	2016	3.7548215
Lebanon	LBN	2017	4.02668
Lebanon	LBN	2018	2.8903487
Lebanon	LBN	2019	3.1477506
Lebanon	LBN	2020	2.2603166
Liberia	LBR	2011	3.8506157
Liberia	LBR	2012	3.1165302
Liechtenstein	LIE	2011	0
Liechtenstein	LIE	2012	0
Liechtenstein	LIE	2013	0
Liechtenstein	LIE	2014	2.695672
Liechtenstein	LIE	2015	0
Liechtenstein	LIE	2016	0
Liechtenstein	LIE	2017	2.6393232
Liechtenstein	LIE	2018	2.6191037
Liechtenstein	LIE	2019	2.5986176
Liechtenstein	LIE	2020	2.5802457
Liechtenstein	LIE	2021	5.1230164
Lithuania	LTU	2011	6.806896
Lithuania	LTU	2012	6.5941076
Lithuania	LTU	2013	6.5385604
Lithuania	LTU	2014	5.3089767
Lithuania	LTU	2015	5.80343
Lithuania	LTU	2016	5.2153044
Lithuania	LTU	2017	3.4429927
Lithuania	LTU	2018	3.1987455
Lithuania	LTU	2019	3.299307
Lithuania	LTU	2020	3.5812218
Lithuania	LTU	2021	2.5837471
Luxembourg	LUX	2011	0.7718938
Luxembourg	LUX	2012	0
Luxembourg	LUX	2013	0.18413985
Luxembourg	LUX	2014	0.71933454
Luxembourg	LUX	2015	0.87810576
Luxembourg	LUX	2016	0.8571169
Luxembourg	LUX	2017	0.3354115
Luxembourg	LUX	2018	0.49349168
Luxembourg	LUX	2019	0.6451894
Luxembourg	LUX	2020	0.4758887
Luxembourg	LUX	2021	0.6256638
Macao	MAC	2011	0.7005217
Macao	MAC	2012	0.6863813
Macao	MAC	2013	0.16852792
Macao	MAC	2014	0.16551715
Macao	MAC	2015	0.16253845
Macao	MAC	2016	0.1595689
Macao	MAC	2017	0.31318069
Macao	MAC	2018	0.30722392
Macao	MAC	2019	0.30136254
Macao	MAC	2020	0.2957342
Macao	MAC	2021	0.43693116
Malawi	MWI	2011	2.2646103
Malawi	MWI	2012	1.7906137
Malaysia	MYS	2011	1.8160553
Malaysia	MYS	2012	2.0296552
Malaysia	MYS	2013	2.0806503
Malaysia	MYS	2014	1.666315
Malaysia	MYS	2015	1.6028925
Malaysia	MYS	2016	1.446406
Malaysia	MYS	2017	1.1852711
Malaysia	MYS	2018	0.996936
Malaysia	MYS	2019	0.94500613
Malaysia	MYS	2020	0.76204836
Malaysia	MYS	2021	0.72377706
Maldives	MDV	2011	0.8011954
Maldives	MDV	2012	2.580382
Maldives	MDV	2013	0.7486375
Maldives	MDV	2015	0.9183116
Maldives	MDV	2016	3.962554
Maldives	MDV	2017	7.1966505
Maldives	MDV	2019	0.59463876
Malta	MLT	2011	0.7082638
Malta	MLT	2012	2.7913015
Malta	MLT	2013	1.5999086
Malta	MLT	2014	1.3439626
Malta	MLT	2015	0.8760815
Malta	MLT	2016	1.06905
Malta	MLT	2017	1.6684151
Malta	MLT	2018	1.6273856
Malta	MLT	2019	0.9927835
Malta	MLT	2020	1.3582791
Malta	MLT	2021	0.3796882
Mauritania	MRT	2018	1.241011
Mauritania	MRT	2019	1.0949284
Mauritania	MRT	2020	1.0225395
Mauritius	MUS	2011	2.4878802
Mauritius	MUS	2012	2.1726573
Mauritius	MUS	2013	2.7117248
Mauritius	MUS	2014	1.4704591
Mauritius	MUS	2015	1.6239377
Mauritius	MUS	2016	1.6229864
Mauritius	MUS	2017	2.5487733
Mauritius	MUS	2018	2.8563013
Mauritius	MUS	2019	2.082885
Mauritius	MUS	2020	2.6968145
Mauritius	MUS	2021	2.6175704
Mexico	MEX	2011	23.839584
Mexico	MEX	2012	22.432549
Mexico	MEX	2013	19.663113
Mexico	MEX	2014	16.849691
Mexico	MEX	2015	17.28008
Mexico	MEX	2016	20.209972
Mexico	MEX	2017	26.114616
Mexico	MEX	2018	29.581371
Mexico	MEX	2019	29.308798
Mexico	MEX	2020	29.185314
Mexico	MEX	2021	28.175653
Micronesia (country)	FSM	2019	0.89783937
Moldova	MDA	2011	6.0081334
Moldova	MDA	2012	6.529443
Moldova	MDA	2013	6.7027063
Moldova	MDA	2014	4.822761
Moldova	MDA	2015	5.7667875
Moldova	MDA	2016	6.201314
Moldova	MDA	2017	4.4332566
Moldova	MDA	2018	5.283533
Moldova	MDA	2019	3.8913121
Moldova	MDA	2020	3.0147362
Mongolia	MNG	2011	9.694098
Mongolia	MNG	2012	7.1266165
Mongolia	MNG	2013	7.3106775
Mongolia	MNG	2014	7.337686
Mongolia	MNG	2015	7.21815
Mongolia	MNG	2016	6.0735
Mongolia	MNG	2017	6.169192
Mongolia	MNG	2018	6.194708
Mongolia	MNG	2019	6.341979
Mongolia	MNG	2020	6.2228036
Mongolia	MNG	2021	6.153327
Montenegro	MNE	2011	3.3238997
Montenegro	MNE	2012	2.6854098
Montenegro	MNE	2013	1.5774226
Montenegro	MNE	2014	3.1531096
Montenegro	MNE	2015	2.6815298
Montenegro	MNE	2016	4.4215403
Montenegro	MNE	2017	2.371774
Montenegro	MNE	2018	2.2171035
Montenegro	MNE	2019	3.6485002
Montenegro	MNE	2020	2.861469
Montenegro	MNE	2021	2.3890734
Montserrat	MSR	2012	20.100502
Montserrat	MSR	2017	0
Montserrat	MSR	2018	0
Morocco	MAR	2011	1.3402748
Morocco	MAR	2012	1.1483511
Morocco	MAR	2013	1.2690983
Morocco	MAR	2014	1.0365386
Morocco	MAR	2015	1.2427748
Morocco	MAR	2016	1.6919576
Morocco	MAR	2017	2.1419656
Morocco	MAR	2018	1.419525
Morocco	MAR	2019	1.7270631
Morocco	MAR	2020	1.2483383
Morocco	MAR	2021	1.9311379
Mozambique	MOZ	2011	3.573169
Myanmar	MMR	2011	2.118707
Myanmar	MMR	2012	2.8595219
Myanmar	MMR	2013	2.4443054
Myanmar	MMR	2014	2.408344
Myanmar	MMR	2015	2.5289435
Myanmar	MMR	2016	2.5803418
Myanmar	MMR	2017	2.6621614
Myanmar	MMR	2018	2.7569962
Myanmar	MMR	2019	2.863865
Myanmar	MMR	2020	2.94067
Myanmar	MMR	2021	28.437815
Namibia	NAM	2011	14.444222
Namibia	NAM	2012	17.901054
Namibia	NAM	2018	19.7865
Namibia	NAM	2019	13.038265
Namibia	NAM	2020	12.173084
Namibia	NAM	2021	12.449852
Nepal	NPL	2011	2.4902444
Nepal	NPL	2012	2.3490074
Nepal	NPL	2013	2.2131686
Nepal	NPL	2014	2.0318909
Nepal	NPL	2015	2.020983
Nepal	NPL	2016	2.1463552
Nepal	NPL	2017	2.18923
Nepal	NPL	2018	2.2100058
Nepal	NPL	2019	2.2856154
Netherlands	NLD	2011	0.85621196
Netherlands	NLD	2012	0.86385113
Netherlands	NLD	2013	0.7410766
Netherlands	NLD	2014	0.725489
Netherlands	NLD	2015	0.610289
Netherlands	NLD	2016	0.548921
Netherlands	NLD	2017	0.76712084
Netherlands	NLD	2018	0.5785014
Netherlands	NLD	2019	0.62776226
Netherlands	NLD	2020	0.61372364
Netherlands	NLD	2021	0.65136546
New Zealand	NZL	2011	0.89015305
New Zealand	NZL	2012	0.92964524
New Zealand	NZL	2013	1.0335582
New Zealand	NZL	2014	0.95255077
New Zealand	NZL	2015	1.0456172
New Zealand	NZL	2016	1.0711039
New Zealand	NZL	2017	0.7374241
New Zealand	NZL	2018	1.5500588
New Zealand	NZL	2019	2.601313
Nicaragua	NIC	2011	12.418905
Nicaragua	NIC	2012	11.159739
Nicaragua	NIC	2013	9.706867
Nicaragua	NIC	2014	8.45591
Nicaragua	NIC	2015	8.319312
Nicaragua	NIC	2016	7.0900507
Nicaragua	NIC	2017	6.650689
Nicaragua	NIC	2018	10.376991
Nicaragua	NIC	2019	7.7281795
Nicaragua	NIC	2021	11.006432
Niger	NER	2011	4.8081617
Niger	NER	2012	4.3888946
Nigeria	NGA	2016	33.604195
Nigeria	NGA	2019	21.74079
North Macedonia	MKD	2011	1.4305472
North Macedonia	MKD	2012	1.3812957
North Macedonia	MKD	2013	1.046515
North Macedonia	MKD	2014	1.662478
North Macedonia	MKD	2015	1.1859796
North Macedonia	MKD	2016	0.90039027
North Macedonia	MKD	2017	1.467818
North Macedonia	MKD	2018	1.1828771
North Macedonia	MKD	2019	1.1351941
Norway	NOR	2011	2.2408123
Norway	NOR	2012	0.53794974
Norway	NOR	2013	0.90539265
Norway	NOR	2014	0.56443036
Norway	NOR	2015	0.462396
Norway	NOR	2016	0.51560277
Norway	NOR	2017	0.530565
Norway	NOR	2018	0.47060418
Norway	NOR	2019	0.5235329
Norway	NOR	2020	0.5762254
Norway	NOR	2021	0.5367368
Oman	OMN	2011	1.0602238
Oman	OMN	2012	1.1030726
Oman	OMN	2013	2.5414758
Oman	OMN	2014	0.29930654
Oman	OMN	2015	0.38169974
Oman	OMN	2016	0.36379594
Oman	OMN	2017	0.3742965
Oman	OMN	2018	0.28253767
Oman	OMN	2019	0.49969932
Oman	OMN	2020	0.30813938
Oman	OMN	2021	0.24333748
Pakistan	PAK	2011	6.978756
Pakistan	PAK	2012	6.847477
Pakistan	PAK	2013	6.78736
Pakistan	PAK	2014	6.37498
Pakistan	PAK	2015	4.496389
Pakistan	PAK	2016	3.9882948
Pakistan	PAK	2017	3.8058107
Pakistan	PAK	2018	3.7504869
Pakistan	PAK	2019	3.6512518
Pakistan	PAK	2020	3.7368493
Pakistan	PAK	2021	3.9787881
Palau	PLW	2015	16.859615
Palau	PLW	2016	0
Palau	PLW	2017	0
Palau	PLW	2018	11.195388
Palestine	PSE	2011	0.7339011
Palestine	PSE	2012	0.69308996
Palestine	PSE	2013	0.5605127
Palestine	PSE	2014	0.54788584
Palestine	PSE	2015	1.2041172
Palestine	PSE	2016	0.41359663
Palestine	PSE	2017	0.7232586
Palestine	PSE	2018	0.4994229
Palestine	PSE	2019	0.7128637
Palestine	PSE	2020	0.9562893
Palestine	PSE	2021	0.8766134
Panama	PAN	2011	14.883397
Panama	PAN	2012	16.964672
Panama	PAN	2013	17.348953
Panama	PAN	2014	15.531814
Panama	PAN	2015	11.90266
Panama	PAN	2016	10.058772
Panama	PAN	2017	9.228374
Panama	PAN	2018	9.627263
Panama	PAN	2019	11.34073
Panama	PAN	2020	11.64308
Panama	PAN	2021	12.639997
Paraguay	PRY	2011	11.242418
Paraguay	PRY	2012	10.95669
Paraguay	PRY	2013	10.057193
Paraguay	PRY	2014	9.489845
Paraguay	PRY	2015	9.987132
Paraguay	PRY	2016	10.675619
Paraguay	PRY	2017	8.512441
Paraguay	PRY	2018	7.713405
Paraguay	PRY	2019	8.483886
Paraguay	PRY	2020	7.2672935
Paraguay	PRY	2021	7.8313804
Peru	PER	2011	5.4854984
Peru	PER	2012	6.615217
Peru	PER	2013	6.701331
Peru	PER	2014	6.8393073
Peru	PER	2015	7.316391
Peru	PER	2016	7.8213387
Peru	PER	2017	7.868887
Peru	PER	2018	7.613974
Peru	PER	2019	7.2658343
Peru	PER	2020	5.7138987
Philippines	PHL	2011	8.811692
Philippines	PHL	2012	8.654289
Philippines	PHL	2016	10.636445
Philippines	PHL	2017	7.746033
Philippines	PHL	2018	5.204993
Philippines	PHL	2019	4.315968
Poland	POL	2011	1.0926741
Poland	POL	2012	1.0588757
Poland	POL	2013	0.79000497
Poland	POL	2014	0.74387264
Poland	POL	2015	0.772959
Poland	POL	2016	0.6747619
Poland	POL	2017	0.74481976
Poland	POL	2018	0.70869595
Poland	POL	2019	0.6572521
Poland	POL	2020	0.692197
Poland	POL	2021	0.71265
Portugal	PRT	2011	1.0790523
Portugal	PRT	2012	1.1594659
Portugal	PRT	2013	1.3760765
Portugal	PRT	2014	0.88390386
Portugal	PRT	2015	0.9647448
Portugal	PRT	2016	0.63874555
Portugal	PRT	2017	0.7373251
Portugal	PRT	2018	0.78718466
Portugal	PRT	2019	0.70943195
Portugal	PRT	2020	0.7865459
Portugal	PRT	2021	0.7968822
Puerto Rico	PRI	2011	31.93725
Puerto Rico	PRI	2012	27.747494
Puerto Rico	PRI	2013	25.56004
Puerto Rico	PRI	2014	19.775223
Puerto Rico	PRI	2015	17.556225
Puerto Rico	PRI	2016	20.508396
Puerto Rico	PRI	2017	21.625423
Puerto Rico	PRI	2018	20.004404
Puerto Rico	PRI	2019	19.223255
Puerto Rico	PRI	2020	16.994926
Qatar	QAT	2011	0.22170842
Qatar	QAT	2012	0.3673268
Qatar	QAT	2013	0.4421517
Qatar	QAT	2014	0.4064188
Qatar	QAT	2015	0.2484912
Qatar	QAT	2016	0.46239817
Qatar	QAT	2017	0.44251794
Qatar	QAT	2018	0.36143726
Qatar	QAT	2019	0.39184463
Qatar	QAT	2020	0.43472198
Qatar	QAT	2021	0.33479217
Romania	ROU	2011	1.0138334
Romania	ROU	2012	1.0527822
Romania	ROU	2013	1.0863853
Romania	ROU	2014	1.6253384
Romania	ROU	2015	1.7029973
Romania	ROU	2016	1.5456247
Romania	ROU	2017	1.2944916
Romania	ROU	2018	1.275069
Romania	ROU	2019	1.2497303
Romania	ROU	2020	1.4453217
Romania	ROU	2021	1.2623806
Russia	RUS	2011	11.282427
Russia	RUS	2012	11.311754
Russia	RUS	2013	11.137363
Russia	RUS	2014	11.446784
Russia	RUS	2015	11.506314
Russia	RUS	2016	10.93246
Russia	RUS	2017	9.139064
Russia	RUS	2018	8.214083
Russia	RUS	2019	7.68617
Russia	RUS	2020	7.3459663
Russia	RUS	2021	6.7993197
Rwanda	RWA	2012	2.3615508
Rwanda	RWA	2013	3.2338412
Rwanda	RWA	2014	3.7648048
Rwanda	RWA	2015	2.5165424
Rwanda	RWA	2016	3.2855864
Rwanda	RWA	2017	3.8429024
Rwanda	RWA	2018	2.274213
Rwanda	RWA	2019	3.1476364
Rwanda	RWA	2020	3.590347
Saint Kitts and Nevis	KNA	2011	71.456345
Saint Kitts and Nevis	KNA	2012	37.7145
Saint Kitts and Nevis	KNA	2016	62.777924
Saint Kitts and Nevis	KNA	2017	48.131756
Saint Kitts and Nevis	KNA	2018	48.156445
Saint Kitts and Nevis	KNA	2019	25.151169
Saint Kitts and Nevis	KNA	2020	20.989662
Saint Kitts and Nevis	KNA	2021	29.40775
Saint Lucia	LCA	2011	26.72158
Saint Lucia	LCA	2012	22.527206
Saint Lucia	LCA	2013	18.967861
Saint Lucia	LCA	2014	19.45041
Saint Lucia	LCA	2015	15.943242
Saint Lucia	LCA	2016	17.0055
Saint Lucia	LCA	2017	27.658068
Saint Lucia	LCA	2018	20.799604
Saint Lucia	LCA	2019	25.758259
Saint Lucia	LCA	2020	29.011948
Saint Lucia	LCA	2021	38.96433
Saint Martin (French part)	MAF	2011	22.008253
Saint Martin (French part)	MAF	2012	5.551546
Saint Martin (French part)	MAF	2013	22.447004
Saint Martin (French part)	MAF	2014	22.688278
Saint Martin (French part)	MAF	2015	17.133066
Saint Martin (French part)	MAF	2016	28.726551
Saint Vincent and the Grenadines	VCT	2016	37.749203
Saint Vincent and the Grenadines	VCT	2017	36.949837
Saint Vincent and the Grenadines	VCT	2018	32.294678
Saint Vincent and the Grenadines	VCT	2019	18.10843
Saint Vincent and the Grenadines	VCT	2020	31.538958
Saint Vincent and the Grenadines	VCT	2021	30.671318
Samoa	WSM	2013	3.0009153
Samoa	WSM	2017	3.3713899
Samoa	WSM	2018	6.1993027
San Marino	SMR	2011	0
Sao Tome and Principe	STP	2011	3.225035
Saudi Arabia	SAU	2018	0.6396686
Saudi Arabia	SAU	2019	0.7954814
Serbia	SRB	2011	1.6927093
Serbia	SRB	2012	1.4490178
Serbia	SRB	2013	1.8370023
Serbia	SRB	2014	1.5641652
Serbia	SRB	2015	1.3298764
Serbia	SRB	2016	1.5480521
Serbia	SRB	2017	1.1520613
Serbia	SRB	2018	1.4124639
Serbia	SRB	2019	1.1890196
Serbia	SRB	2020	1.1416138
Serbia	SRB	2021	1.0552616
Seychelles	SYC	2011	17.05266
Seychelles	SYC	2012	4.1968756
Seychelles	SYC	2013	18.611576
Seychelles	SYC	2014	16.326365
Seychelles	SYC	2015	7.0536075
Seychelles	SYC	2016	11.939289
Seychelles	SYC	2017	6.875519
Seychelles	SYC	2018	8.729304
Seychelles	SYC	2019	9.581068
Seychelles	SYC	2020	8.52838
Seychelles	SYC	2021	4.6961365
Sierra Leone	SLE	2011	2.8280268
Sierra Leone	SLE	2012	1.6645583
Sierra Leone	SLE	2015	1.6951996
Sierra Leone	SLE	2020	2.1374865
Singapore	SGP	2011	0.30295318
Singapore	SGP	2012	0.2044228
Singapore	SGP	2013	0.31032914
Singapore	SGP	2014	0.25132388
Singapore	SGP	2015	0.24778682
Singapore	SGP	2016	0.31512976
Singapore	SGP	2017	0.19082357
Singapore	SGP	2018	0.15478449
Singapore	SGP	2019	0.20455457
Singapore	SGP	2020	0.16920847
Singapore	SGP	2021	0.10099207
Slovakia	SVK	2011	1.7768961
Slovakia	SVK	2012	1.3865052
Slovakia	SVK	2013	1.4405127
Slovakia	SVK	2014	1.328519
Slovakia	SVK	2015	0.8848832
Slovakia	SVK	2016	1.1047275
Slovakia	SVK	2017	1.470746
Slovakia	SVK	2018	1.2300924
Slovakia	SVK	2019	1.3934921
Slovakia	SVK	2020	1.154548
Slovakia	SVK	2021	1.0096148
Slovenia	SVN	2011	0.7746485
Slovenia	SVN	2012	0.67653966
Slovenia	SVN	2013	0.5790459
Slovenia	SVN	2014	0.7711152
Slovenia	SVN	2015	0.96114016
Slovenia	SVN	2016	0.47846434
Slovenia	SVN	2017	0.90545523
Slovenia	SVN	2018	0.42736584
Slovenia	SVN	2019	0.662596
Slovenia	SVN	2020	0.51944596
Slovenia	SVN	2021	0.4246466
South Africa	ZAF	2011	29.658684
South Africa	ZAF	2012	30.507084
South Africa	ZAF	2013	31.598028
South Africa	ZAF	2014	32.5327
South Africa	ZAF	2015	33.41834
South Africa	ZAF	2016	33.703003
South Africa	ZAF	2017	35.903187
South Africa	ZAF	2018	36.66225
South Africa	ZAF	2019	36.71214
South Africa	ZAF	2020	33.964874
South Africa	ZAF	2021	41.865726
South Korea	KOR	2011	0.8196075
South Korea	KOR	2012	0.8764121
South Korea	KOR	2013	0.7026197
South Korea	KOR	2014	0.7456776
South Korea	KOR	2015	0.73537487
South Korea	KOR	2016	0.6938221
South Korea	KOR	2017	0.58433396
South Korea	KOR	2018	0.5979461
South Korea	KOR	2019	0.5733167
South Korea	KOR	2020	0.59408206
South Korea	KOR	2021	0.52093244
South Sudan	SSD	2012	14.053967
Spain	ESP	2011	0.8238954
Spain	ESP	2012	0.77850837
Spain	ESP	2013	0.64802057
Spain	ESP	2014	0.6951536
Spain	ESP	2015	0.65042275
Spain	ESP	2016	0.6326211
Spain	ESP	2017	0.65902215
Spain	ESP	2018	0.61762637
Spain	ESP	2019	0.7022923
Spain	ESP	2020	0.6291724
Spain	ESP	2021	0.6106943
Sri Lanka	LKA	2011	3.5091517
Sri Lanka	LKA	2012	3.2164214
Sri Lanka	LKA	2013	2.9292407
Sri Lanka	LKA	2014	2.6036446
Sri Lanka	LKA	2015	2.2824526
Sri Lanka	LKA	2016	2.4736886
Sri Lanka	LKA	2017	2.2597492
Sri Lanka	LKA	2018	2.3817568
Sri Lanka	LKA	2019	3.427305
Suriname	SUR	2013	5.1423273
Suriname	SUR	2014	5.617169
Suriname	SUR	2015	5.9081626
Suriname	SUR	2016	7.051301
Suriname	SUR	2017	6.127039
Suriname	SUR	2018	6.4003825
Suriname	SUR	2019	4.997497
Suriname	SUR	2020	9.059985
Suriname	SUR	2021	5.7097692
Sweden	SWE	2011	0.85556865
Sweden	SWE	2012	0.71159583
Sweden	SWE	2013	0.9016542
Sweden	SWE	2014	0.89253575
Sweden	SWE	2015	1.1371311
Sweden	SWE	2016	1.0649716
Sweden	SWE	2017	1.1234626
Sweden	SWE	2018	1.0627518
Sweden	SWE	2019	1.0810367
Sweden	SWE	2020	1.1958759
Sweden	SWE	2021	1.0795734
Switzerland	CHE	2011	0.5814702
Switzerland	CHE	2012	0.5627998
Switzerland	CHE	2013	0.7047158
Switzerland	CHE	2014	0.50074553
Switzerland	CHE	2015	0.6882618
Switzerland	CHE	2016	0.53744835
Switzerland	CHE	2017	0.5324381
Switzerland	CHE	2018	0.5872381
Switzerland	CHE	2019	0.53640634
Switzerland	CHE	2020	0.5440688
Switzerland	CHE	2021	0.48323596
Tajikistan	TJK	2011	1.6185347
Tajikistan	TJK	2020	0.9116432
Tanzania	TZA	2011	8.938722
Tanzania	TZA	2012	8.563153
Tanzania	TZA	2013	7.506044
Tanzania	TZA	2015	7.1294227
Tanzania	TZA	2016	6.3214817
Tanzania	TZA	2017	5.592973
Tanzania	TZA	2018	4.706454
Tanzania	TZA	2019	4.541311
Tanzania	TZA	2020	3.704753
Thailand	THA	2011	4.812783
Tonga	TON	2011	1.8585547
Tonga	TON	2012	0.93021524
Tonga	TON	2018	9.510179
Tonga	TON	2019	0.95283014
Trinidad and Tobago	TTO	2011	24.788383
Trinidad and Tobago	TTO	2012	26.566431
Trinidad and Tobago	TTO	2013	28.249578
Trinidad and Tobago	TTO	2014	27.918308
Trinidad and Tobago	TTO	2015	28.763645
Trinidad and Tobago	TTO	2016	31.510971
Trinidad and Tobago	TTO	2017	33.477455
Trinidad and Tobago	TTO	2018	34.358803
Trinidad and Tobago	TTO	2019	35.461575
Trinidad and Tobago	TTO	2020	26.28204
Trinidad and Tobago	TTO	2021	29.364283
Tunisia	TUN	2012	2.9710813
Tunisia	TUN	2019	4.738859
Tunisia	TUN	2020	4.6210556
Turkey	TUR	2011	4.126791
Turkey	TUR	2012	4.2721963
Turkey	TUR	2015	2.806161
Turkey	TUR	2016	3.3374724
Turkey	TUR	2017	3.0953896
Turkey	TUR	2018	2.60961
Turkey	TUR	2019	2.4196925
Turkey	TUR	2020	2.5054843
Turkey	TUR	2021	2.5195987
Turkmenistan	TKM	2011	1.8653892
Turkmenistan	TKM	2012	1.4472358
Turkmenistan	TKM	2013	1.5107657
Turkmenistan	TKM	2014	1.571563
Turkmenistan	TKM	2015	1.0925301
Turks and Caicos Islands	TCA	2013	11.906711
Turks and Caicos Islands	TCA	2014	5.716736
Tuvalu	TUV	2011	9.345358
Tuvalu	TUV	2012	18.425537
Tuvalu	TUV	2019	0
Uganda	UGA	2011	11.271713
Uganda	UGA	2012	11.863464
Uganda	UGA	2013	10.934532
Uganda	UGA	2014	12.309923
Uganda	UGA	2016	11.566959
Uganda	UGA	2017	11.80001
Uganda	UGA	2018	10.832127
Uganda	UGA	2019	10.985102
Uganda	UGA	2020	10.044002
Uganda	UGA	2021	8.531467
Ukraine	UKR	2012	5.144669
Ukraine	UKR	2014	6.301487
Ukraine	UKR	2017	6.160253
Ukraine	UKR	2018	4.5042458
Ukraine	UKR	2019	4.116614
Ukraine	UKR	2020	3.8670301
Ukraine	UKR	2021	3.843201
United Arab Emirates	ARE	2011	0.59473795
United Arab Emirates	ARE	2012	0.79630977
United Arab Emirates	ARE	2013	0.6512911
United Arab Emirates	ARE	2014	0.69036144
United Arab Emirates	ARE	2015	0.67287964
United Arab Emirates	ARE	2019	0.6947718
United Arab Emirates	ARE	2020	0.6998813
United Arab Emirates	ARE	2021	0.46982723
United Kingdom	GBR	2011	1.0128565
United Kingdom	GBR	2012	0.98262423
United Kingdom	GBR	2013	0.9377581
United Kingdom	GBR	2014	0.90932244
United Kingdom	GBR	2015	0.99962646
United Kingdom	GBR	2016	1.2017326
United Kingdom	GBR	2017	1.2245553
United Kingdom	GBR	2018	1.1364834
United Kingdom	GBR	2019	1.150068
United Kingdom	GBR	2020	1.0035868
United States	USA	2011	4.6709437
United States	USA	2012	4.6915956
United States	USA	2013	4.483442
United States	USA	2014	4.398294
United States	USA	2015	4.892982
United States	USA	2016	5.3216558
United States	USA	2017	5.2439237
United States	USA	2018	4.929848
United States	USA	2019	4.9859467
United States	USA	2020	6.420751
United States	USA	2021	6.8074665
United States Virgin Islands	VIR	2011	42.66232
United States Virgin Islands	VIR	2012	49.631107
Uruguay	URY	2011	5.919734
Uruguay	URY	2012	7.920187
Uruguay	URY	2013	7.689622
Uruguay	URY	2014	7.901732
Uruguay	URY	2015	8.610512
Uruguay	URY	2016	7.8212743
Uruguay	URY	2017	8.269533
Uruguay	URY	2018	12.284647
Uruguay	URY	2019	11.492213
Uruguay	URY	2020	9.856853
Uruguay	URY	2021	8.901836
Uzbekistan	UZB	2015	1.6349257
Uzbekistan	UZB	2016	2.4067216
Uzbekistan	UZB	2017	1.8500153
Uzbekistan	UZB	2018	1.4607278
Uzbekistan	UZB	2019	1.2008388
Uzbekistan	UZB	2020	1.3392328
Uzbekistan	UZB	2021	1.4054567
Vanuatu	VUT	2019	0.6570205
Vanuatu	VUT	2020	0.32083675
Vatican	VAT	2011	0
Vatican	VAT	2012	0
Vatican	VAT	2013	0
Vatican	VAT	2014	0
Vatican	VAT	2015	0
Vatican	VAT	2019	0
Vatican	VAT	2020	0
Vatican	VAT	2021	0
Venezuela	VEN	2011	48.453133
Venezuela	VEN	2012	54.53603
Venezuela	VEN	2014	63.027313
Venezuela	VEN	2015	51.274635
Venezuela	VEN	2016	56.623848
Venezuela	VEN	2017	47.982174
Venezuela	VEN	2019	40.984848
Venezuela	VEN	2020	29.4274
Venezuela	VEN	2021	19.305056
Vietnam	VNM	2011	1.5370839
World	OWID_WRL	2011	6.1522136
World	OWID_WRL	2012	6.177419
World	OWID_WRL	2013	6.083612
World	OWID_WRL	2014	6.075776
World	OWID_WRL	2015	5.9162917
World	OWID_WRL	2016	5.961374
World	OWID_WRL	2017	5.930093
World	OWID_WRL	2018	5.7590094
World	OWID_WRL	2019	5.555708
World	OWID_WRL	2020	5.5101085
World	OWID_WRL	2021	5.791921
Yemen	YEM	2011	5.3973193
Yemen	YEM	2012	6.1624374
Yemen	YEM	2013	6.3111467
Zambia	ZMB	2011	6.049427
Zambia	ZMB	2012	6.002174
Zambia	ZMB	2013	5.6908526
Zambia	ZMB	2014	5.242158
Zambia	ZMB	2015	5.2498026
Zimbabwe	ZWE	2012	7.395217
Zimbabwe	ZWE	2018	4.876369
Zimbabwe	ZWE	2019	5.1450353
Zimbabwe	ZWE	2020	4.9777703
Zimbabwe	ZWE	2021	6.139985
